date,playerName,duration,rpe,workload,splitStartTime,splitName,splitEndTime,totalDistance,sprintDistance,powerPlays,powerDistance,perceivedWorkload,metabolicWorkload,mechanicalWorkload,kinematicWorkload,intensity,highspeedRunningDistance,highPowerDistance,highIntensityDeceleration,highIntensityAcceleration,heartRateGr90,heartRate85to90,explosiveDistance,distancePerMinute,cardioWorkload,averageMetabolicPower,Accelerations Zone Count: 0 - 1 m/s/s,Accelerations Zone Count: 1 - 2 m/s/s,Accelerations Zone Count: 2 - 3 m/s/s,Accelerations Zone Count: 3 - 4 m/s/s,Accelerations Zone Count: > 4 m/s/s,Date,Deceleration Zone Count: 0 - 1 m/s/s,Deceleration Zone Count: 1 - 2 m/s/s,Deceleration Zone Count: 2 - 3 m/s/s,Deceleration Zone Count: 3 - 4 m/s/s,Deceleration Zone Count: > 4 m/s/s,Distance (km),Distance Per Min (m/min),Distance in Acceleration Zones: 0 - 1 m/s/s  (km),Distance in Acceleration Zones: 1 - 2 m/s/s  (km),Distance in Acceleration Zones: 2 - 3 m/s/s  (km),Distance in Acceleration Zones: 3 - 4 m/s/s  (km),Distance in Acceleration Zones: > 4 m/s/s  (km),Distance in Deceleration Zones: 0 - 1 m/s/s  (km),Distance in Deceleration Zones: 1 - 2 m/s/s  (km),Distance in Deceleration Zones: 2 - 3 m/s/s  (km),Distance in Deceleration Zones: 3 - 4 m/s/s  (km),Distance in Deceleration Zones: > 4 m/s/s  (km),Distance in Power Zone: 0 - 5 w/kg  (km),Distance in Power Zone: 10 - 15 w/kg  (km),Distance in Power Zone: 15 - 20 w/kg  (km),Distance in Power Zone: 20 - 25 w/kg  (km),Distance in Power Zone: 25 - 30 w/kg  (km),Distance in Power Zone: 30 - 35 w/kg  (km),Distance in Power Zone: 35 - 40 w/kg  (km),Distance in Power Zone: 40 - 45 w/kg  (km),Distance in Power Zone: 45 - 50 w/kg  (km),Distance in Power Zone: 5 - 10 w/kg  (km),Distance in Power Zone: > 50 w/kg  (km),Distance in Speed Zone 1  (km),Distance in Speed Zone 2  (km),Distance in Speed Zone 3  (km),Distance in Speed Zone 4  (km),Distance in Speed Zone 5  (km),Duration,Energy (kcal),Impact Zones: 10 - 15 G (Impacts),Impact Zones: 15 - 20 G (Impacts),Impact Zones: 3 - 5 G (Impacts),Impact Zones: 5 - 10 G (Impacts),Impact Zones: > 20 G (Impacts),Impacts,Player Load,Player Name,Power Play Duration Zones: 0 - 2_5 s (Power Plays),Power Play Duration Zones: 2_5 - 5 s (Power Plays),Power Play Duration Zones: 5 - 7_5 s (Power Plays),Power Play Duration Zones: 7_5 - 10 s (Power Plays),Power Play Duration Zones: > 10 s (Power Plays),Power Plays,Power Score (w/kg),Session Title,Split End Time,Split Name,Split Start Time,Sprint Distance (m),Tags,Time in Acceleration Zones: 0 - 1 m/s/s (secs),Time in Acceleration Zones: 1 - 2 m/s/s (secs),Time in Acceleration Zones: 2 - 3 m/s/s (secs),Time in Acceleration Zones: 3 - 4 m/s/s (secs),Time in Acceleration Zones: > 4 m/s/s (secs),Time in Deceleration Zones: 0 - 1 m/s/s (secs),Time in Deceleration Zones: 1 - 2 m/s/s (secs),Time in Deceleration Zones: 2 - 3 m/s/s (secs),Time in Deceleration Zones: 3 - 4 m/s/s (secs),Time in Deceleration Zones: > 4 m/s/s (secs),Time in HR Load Zone 0% - 60% Max HR(secs),Time in HR Load Zone 60% - 75% Max HR (secs),Time in HR Load Zone 75% - 85% Max HR (secs),Time in HR Load Zone 85% - 96% Max HR (secs),Time in HR Load Zone 96% - 100% Max HR (secs),Time in Power Zone: 0 - 5 w/kg (secs),Time in Power Zone: 10 - 15 w/kg (secs),Time in Power Zone: 15 - 20 w/kg (secs),Time in Power Zone: 20 - 25 w/kg (secs),Time in Power Zone: 25 - 30 w/kg (secs),Time in Power Zone: 30 - 35 w/kg (secs),Time in Power Zone: 35 - 40 w/kg (secs),Time in Power Zone: 40 - 45 w/kg (secs),Time in Power Zone: 45 - 50 w/kg (secs),Time in Power Zone: 5 - 10 w/kg (secs),Time in Power Zone: > 50 w/kg (secs),Time in Speed Zone 1 (secs),Time in Speed Zone 2 (secs),Time in Speed Zone 3 (secs),Time in Speed Zone 4 (secs),Time in Speed Zone 5 (secs),Top Speed (m/s),Work Ratio,dirty,rpeTl
2017-09-26 00:00:00.000,Player1,12.766666666666667,0.0,0.06713971060959929,2017-09-26 10:37:30.144,Pass-drill free and cover ball circuit,2017-09-26 10:50:15.647,0.9206,0.0,1,45.0,0.0,1.342794212191986,0.0,0.0,55.17774785935547,0.0,19.700000000000003,0,5,0,0,45.0,72.1093,0,5.476,0,26,25,5,0,43004,0,38,12,0,0,0.9206,72.1093,0.289,0.0775,0.0148,0.002,0,0.4518,0.08,0.0055,0,0,0.2332,0.3058,0.1055,0.0253,0.01,0.0059,0.0026,0.0007,0.0005,0.2312,0,0.3002,0.602,0.0184,0,0,766,105.2493,0,0,38,0,0,0,63.685,Baluta,0,1,0,0,0,1,5.476,GD-3,43004.45157,Pass-drill free and cover ball circuit,43004.44271,0, training,291.7,50.5,9.8,1.3,0,367.5,42.4,2.7,0,0,0,0,0,0,0,473.8,111.3,33.4,8.4,3.5,1.8,0.7,0.3,0.2,132.5,0,528.5,233.4,4,0,0,4.72,25.5386,False,
2017-09-26 00:00:00.000,Player1,23.15,0.0,0.9806292897909843,2017-09-26 10:55:36.192,Set-pieces,2017-09-26 11:18:44.639,1.4605,10.0,12,340.30000000000007,0.0,11.715574464661861,30.084545761126822,10.56531997171848,48.96700417785823,115.582,191.20000000000002,11,18,0,0,224.71800000000007,63.0902,0,4.9578,0,18,9,11,7,43004,0,18,12,7,4,1.4605,63.0902,0.5577,0.0702,0.0401,0.0124,0.0036,0.6331,0.0921,0.0325,0.0101,0.0087,0.4864,0.1259,0.1195,0.1491,0.0805,0.0322,0.0247,0.0159,0.0067,0.3885,0.0312,0.6981,0.4491,0.1977,0.1056,0.01,1389,172.763,0,0,37,1,0,1,84.1313,Baluta,0,4,5,3,0,12,4.9578,GD-3,43004.47135,Set-pieces,43004.45528,115.582, training,672.2,31.3,15,6.7,1.7,606.6,39,11.2,2.8,2.1,0,0,0,0,0,983.7,46.9,30.8,31.5,16.2,7.2,5.8,3.9,1.9,253.2,7.5,1141.7,187.7,40.3,17.5,1.4,7.2201,12.437,False,
2017-09-26 00:00:00.000,Player1,18.2,0.0,,2017-09-26 11:23:11.616,General-strength,2017-09-26 11:41:22.848,0.5023,0.0,0,5.7,0.0,0.0,0.0,0.0,20.298810337677427,0.0,0.4,2,0,0,0,5.7,27.5982,0,1.8898,0,2,3,0,0,43004,0,4,1,2,0,0.5023,27.5982,0.2202,0.016,0.0017,0,0,0.2363,0.022,0.004,0.002,0,0.4137,0.0164,0.0192,0.0053,0.0004,0,0,0,0,0.0472,0,0.4477,0.0546,0,0,0,1092,51.7637,0,0,0,0,0,0,50.2304,Baluta,0,0,0,0,0,0,1.8898,GD-3,43004.48707,General-strength,43004.47444,0, training,523.9,25.9,1.8,0,0,514.1,22.1,2.9,0.8,0,0,0,0,0,0,1042.4,6.6,5.6,1.6,0.1,0,0,0,0,35.2,0,1071,20.5,0,0,0,4.2423,1.3834,False,
2017-09-26 00:00:00.000,Player1,65.85,3.0,1.3,2017-09-26 10:37:38.784,Session,2017-09-26 11:43:29.856,3.2958,10.0,14,401.4,32.3,13.5,36.6,18.2,38.1,115.582,218.4,15,23,0,0,285.818,50.0507,0,3.759,0,55,38,16,7,43004,0,65,27,11,4,3.2958,50.0507,1.2461,0.1748,0.06,0.0145,0.0036,1.5177,0.2142,0.0433,0.0129,0.0087,1.381,0.4717,0.2525,0.183,0.0935,0.0395,0.0282,0.017,0.0079,0.7894,0.0323,1.7672,1.188,0.225,0.1056,0.01,3951,372.7242,0,0,84,1,0,1,230.8193,Baluta,0,6,5,3,0,14,3.759,GD-3,43004.48854,Session,43004.44281,115.582, training,1854.6,118,28.3,8.1,1.7,1802,114.6,17.7,4.1,2.1,0,0,0,0,0,3107.6,174.5,72.7,42.2,20.4,9.4,6.7,4.3,2.3,503.3,7.8,3403.8,482.4,46.1,17.5,1.4,7.2201,10.1969,False,197.54999999999998
2017-09-26 00:00:00.000,Player2,17.2,0.0,,2017-09-26 11:23:11.616,General-strength,2017-09-26 11:41:22.848,0.4341,0.0,0,0.3,0.0,0.0,0.0,0.0,18.469140262821625,0.0,0.0,0,0,0,0,0.3,25.2381,0,1.7037,0,2,1,0,0,43004,0,2,0,0,0,0.4341,25.2381,0.1907,0.008,0.0011,0.0001,0,0.2114,0.0219,0.0008,0,0,0.3714,0.0072,0.0007,0.0003,0,0,0,0,0,0.0546,0,0.397,0.0371,0,0,0,1032,43.9195,0,0,4,0,0,0,34.2402,Bancu,0,0,0,0,0,0,1.7037,GD-3,43004.48707,General-strength,43004.47444,0, training,522,19.5,1.1,0.1,0,462.9,25.9,0.9,0,0,0,0,0,0,0,993.3,3.2,0.4,0.2,0,0,0,0,0,35.3,0,1014.6,17.8,0,0,0,2.6667,1.1333,False,
2017-09-26 00:00:00.000,Player2,23.15,0.0,1.0572398379707408,2017-09-26 10:55:36.192,Set-pieces,2017-09-26 11:18:44.639,1.4868,31.7,16,409.50000000000006,0.0,15.362345982110746,29.485135359137608,15.360091431047463,50.584792932638436,165.494,270.80000000000007,8,9,0,0,244.00600000000006,64.2233,0,5.2216,0,27,16,8,1,43004,0,25,16,5,3,1.4868,64.2233,0.5511,0.125,0.0399,0.0102,0.0002,0.5518,0.1375,0.0517,0.0158,0.0035,0.3335,0.288,0.1514,0.1387,0.0944,0.0649,0.0437,0.0339,0.0139,0.3046,0.02,0.4546,0.6873,0.1794,0.1338,0.0317,1389,181.956,0,0,88,0,0,0,84.2738,Bancu,0,6,8,2,0,16,5.2216,GD-3,43004.47135,Set-pieces,43004.45528,165.494, training,743.3,48.1,18.9,4.3,0.1,503.6,49.6,15.7,4,1,0,0,0,0,0,970.1,103.1,41.4,30.9,18.9,13.1,9.6,7.1,3,186.9,4.5,1064.1,261.6,36.5,22,4.4,7.3778,19.0984,False,
2017-09-26 00:00:00.000,Player2,62.75,3.0,1.4,2017-09-26 10:37:38.784,Session,2017-09-26 11:43:29.856,3.1321,39.4,19,486.70000000000005,31.8,17.9,36.4,19.7,38.4,181.467,314.09999999999997,9,13,0,0,305.23300000000006,49.9142,0,3.8385,0,61,38,12,1,43004,0,65,33,6,3,3.1321,49.9142,1.2,0.2237,0.0553,0.0115,0.0002,1.2908,0.2646,0.0637,0.0188,0.0035,1.0869,0.628,0.2635,0.1726,0.1124,0.0776,0.0491,0.0353,0.0144,0.6669,0.0253,1.3485,1.3933,0.2089,0.142,0.0394,3765,362.4081,0,0,143,0,0,0,198.582,Bancu,0,8,9,2,0,19,3.8385,GD-3,43004.48854,Session,43004.44281,181.467, training,1968.9,121.5,29.1,5.4,0.1,1483.8,128.5,21.7,4.6,1,0,0,0,0,0,2945.2,230.2,77.3,41.2,23.6,16.2,11,7.4,3.1,404,5.4,3150.3,542.7,42.8,23.3,5.5,7.3778,13.3135,False,188.25
2017-09-26 00:00:00.000,Player2,12.766666666666667,0.0,0.07860755783096272,2017-09-26 10:37:30.144,Pass-drill free and cover ball circuit,2017-09-26 10:50:15.647,0.9307,0.0,2,49.0,0.0,1.5721511566192545,0.0,0.0,55.75736786244824,0.0,20.1,0,3,0,0,49.0,72.8977,0,5.5301,0,30,20,3,0,43004,0,38,16,0,0,0.9307,72.8977,0.3273,0.0821,0.0104,0.0007,0,0.4033,0.0985,0.0083,0,0,0.2491,0.307,0.107,0.0289,0.0118,0.0063,0.002,0,0,0.2185,0,0.299,0.6105,0.0211,0,0,766,106.3055,0,0,41,0,0,0,64.574,Bancu,0,2,0,0,0,2,5.5301,GD-3,43004.45157,Pass-drill free and cover ball circuit,43004.44271,0, training,306.4,51.1,7.7,0.7,0,346.4,49.2,4.3,0,0,0,0,0,0,0,482.5,115,34,9.1,3.7,1.7,0.7,0,0,119.1,0,524.3,236.9,4.6,0,0,4.8667,27.0828,False,
2017-09-26 00:00:00.000,Player3,26.8,0.0,,2017-09-26 10:54:13.247,General-strength,2017-09-26 11:21:01.152,0.633,0.0,0,2.8,0.0,0.0,0.0,0.0,17.374181420636486,0.0,0.9,2,0,0,0,2.8,23.6196,0,1.6178,0,7,2,0,0,43004,0,4,3,2,0,0.633,23.6196,0.2636,0.021,0.0023,0.0004,0.0001,0.3079,0.0305,0.0061,0.001,0,0.5495,0.0192,0.0049,0.0019,0.0002,0.0003,0,0.0002,0,0.0567,0.0002,0.5849,0.0481,0,0,0,1608,65.2869,0,0,7,0,0,0,65.9447,Barbut,0,0,0,0,0,0,1.6178,GD-3,43004.47293,General-strength,43004.45432,0, training,794.7,36.5,3.1,0.2,0.2,736.3,32.4,4.2,0.5,0,0,0,0,0,0,1555.8,7.2,2.3,0.8,0.1,0.1,0,0.1,0,41.6,0.1,1586.2,21.9,0,0,0,3.3645,0.7711,False,
2017-09-26 00:00:00.000,Player3,12.766666666666667,0.0,0.8295643279769518,2017-09-26 10:37:30.144,Pass-drill free and cover ball circuit,2017-09-26 10:50:15.647,1.0272,0.0,8,216.2,0.0,7.4164670035546445,22.260673767580947,0.0,64.25624489320482,53.288,117.9,4,16,0,0,162.91199999999998,80.4629,0,6.7466,0,15,30,13,3,43004,0,32,27,4,0,1.0272,80.4629,0.2702,0.1102,0.0417,0.007,0.0007,0.4245,0.1454,0.0227,0.0047,0,0.1867,0.2771,0.1563,0.0983,0.0504,0.0185,0.018,0.0124,0.0067,0.1908,0.0119,0.2292,0.6528,0.092,0.0533,0,766,129.6716,0,0,59,0,0,0,72.2543,Barbut,0,3,5,0,0,8,6.7466,GD-3,43004.45157,Pass-drill free and cover ball circuit,43004.44271,53.288, training,290.6,55.3,22.5,4.4,0.5,313,67.7,10.5,1.4,0,0,0,0,0,0,461.7,99.1,45.1,25,12.6,5.5,4.6,3.1,2,104.4,2.8,498.3,239.9,18.7,9,0,6.2689,30.0692,False,
2017-09-26 00:00:00.000,Player3,65.85,3.0,1.7,2017-09-26 10:37:38.784,Session,2017-09-26 11:43:29.856,3.5116,3.6,22,578.9000000000001,32.3,20.5,51.9,20.3,41.4,177.642,343.8,22,34,0,0,401.2580000000001,53.3273,0,4.1841,0,47,60,28,6,43004,0,60,55,13,9,3.5116,53.3273,1.2143,0.2626,0.0907,0.019,0.002,1.5114,0.3095,0.0749,0.0193,0.0078,1.2882,0.6539,0.357,0.2351,0.1468,0.066,0.0489,0.0268,0.0179,0.6336,0.0374,1.525,1.5489,0.26,0.174,0.0036,3951,414.8749,0,0,107,0,0,0,241.7734,Barbut,0,10,11,1,0,22,4.1841,GD-3,43004.48854,Session,43004.44281,177.642, training,1811.7,153.2,45.4,10.6,1.6,1731.5,157.8,30.8,6.3,2.3,0,0,0,0,0,3091.9,234,103.9,56.4,33,16.3,12.1,6.6,4.4,383.7,8.9,3281.9,586.9,52.7,29.2,0.5,7.1912,13.7958,False,197.54999999999998
2017-09-26 00:00:00.000,Player3,21.083333333333332,0.0,1.0607418670782471,2017-09-26 11:22:26.687,Set-pieces,2017-09-26 11:43:32.448,1.7318,3.6,14,359.8999999999999,0.0,13.157455771172874,32.27758109813476,11.629578082206496,64.15585419994812,124.354,224.99999999999997,16,18,0,0,235.54599999999994,82.143,0,6.5505,0,24,27,15,3,43004,0,24,24,7,9,1.7318,82.143,0.6274,0.1293,0.0466,0.0115,0.0012,0.7173,0.1317,0.0456,0.0136,0.0078,0.4542,0.3546,0.1954,0.1349,0.0962,0.0472,0.0309,0.0142,0.0112,0.3678,0.0253,0.6047,0.8349,0.168,0.1207,0.0036,1265,208.0124,0,0,40,0,0,0,93.3209,Barbut,0,7,6,1,0,14,6.5505,GD-3,43004.48857,Set-pieces,43004.47392,124.354, training,534.2,59,19.7,6,0.9,567.9,55.4,15.7,4.3,2.3,0,0,0,0,0,775.6,126.4,56.3,30.6,20.3,10.7,7.5,3.4,2.4,226.2,6,891.9,318.8,34,20.2,0.5,7.1912,23.5894,False,
2017-09-26 00:00:00.000,Player5,12.766666666666667,0.0,0.4863006003168396,2017-09-26 10:37:30.144,Pass-drill free and cover ball circuit,2017-09-26 10:50:15.647,0.9527,0.0,3,89.80000000000001,0.0,2.876184303577945,13.450582996534637,0.0,57.78385785000153,1.111,42.199999999999996,5,11,0,0,88.68900000000001,74.6271,0,5.8315,0,8,29,10,1,43004,0,26,18,5,0,0.9527,74.6271,0.2987,0.083,0.0198,0.0032,0.0002,0.4506,0.0834,0.0115,0.0023,0,0.2009,0.3064,0.1494,0.0476,0.0253,0.009,0.0056,0.0014,0.0007,0.2062,0.0002,0.2616,0.6417,0.0483,0.0011,0,766,112.0825,0,0,29,0,0,0,64.0226,Briceag,0,3,0,0,0,3,5.8315,GD-3,43004.45157,Pass-drill free and cover ball circuit,43004.44271,1.111, training,288.5,51,14.4,2.2,0.2,357.4,44.1,6.9,1.2,0,0,0,0,0,0,467.4,107.9,47.2,13.6,7.1,2.8,1.6,0.4,0.3,117.5,0.1,518,237.6,10.1,0.2,0,5.16,27.5493,False,
2017-09-26 00:00:00.000,Player5,21.083333333333332,0.0,0.9830727652946694,2017-09-26 11:22:26.687,Set-pieces,2017-09-26 11:43:32.448,1.5038,45.8,10,281.3,0.0,10.579010553747278,27.807255851426017,16.569838018338228,56.439215792908044,106.007,192.5,23,13,0,0,175.293,71.3247,0,5.86,0,20,25,8,5,43004,0,32,29,16,7,1.5038,71.3247,0.5246,0.1285,0.0487,0.0123,0.0023,0.5347,0.1573,0.0729,0.0169,0.0056,0.4199,0.2259,0.1533,0.0888,0.0616,0.0462,0.0253,0.0134,0.0136,0.4234,0.0324,0.6018,0.6887,0.1073,0.0602,0.0458,1265,186.0879,0,0,168,52,0,43,84.6793,Briceag,0,5,5,0,0,10,5.86,GD-3,43004.48857,Set-pieces,43004.47392,106.007, training,587.2,70.4,28.1,8.2,2.2,458.9,71.6,29.7,7.3,1.8,0,0,0,0,0,797,86.4,46.1,22.8,15.3,9.4,5.7,2.7,2.9,270.4,6.7,943.5,284,21.8,10,6.1,8.1067,17.0618,False,
2017-09-26 00:00:00.000,Player5,65.85,2.0,1.2,2017-09-26 10:37:38.784,Session,2017-09-26 11:43:29.856,3.1405,45.8,13,374.90000000000003,21.5,13.5,35.6,19.0,36.9,107.118,236.39999999999998,29,25,0,0,267.78200000000004,47.6919,0,3.7097,0,32,56,18,7,43004,0,60,50,22,7,3.1405,47.6919,1.1134,0.2289,0.0713,0.016,0.0024,1.3257,0.2694,0.0886,0.0201,0.0047,1.2048,0.5403,0.3075,0.1385,0.0875,0.0552,0.0314,0.0148,0.015,0.7129,0.0325,1.5008,1.377,0.1556,0.0614,0.0458,3951,367.8296,0,0,201,52,0,43,207.9638,Briceag,0,8,5,0,0,13,3.7097,GD-3,43004.48854,Session,43004.44281,107.118, training,1957.5,155.5,45.9,10.6,2.2,1581,148.4,39.8,8.8,1.4,0,0,0,0,0,3117.6,198.2,95.1,37.1,22.6,12.2,7.5,3.1,3.5,447.5,6.7,3357.4,545.5,31.9,10.2,6.1,8.1067,11.0121,False,131.7
2017-09-26 00:00:00.000,Player5,26.8,0.0,0.05779705874869412,2017-09-26 10:54:13.247,General-strength,2017-09-26 11:21:01.152,0.5794,0.0,0,4.699999999999999,0.0,0.0,1.1559411749738824,0.0,15.906471980889306,0.0,2.6,1,1,0,0,4.699999999999999,21.6205,0,1.4816,0,3,2,0,1,43004,0,2,3,1,0,0.5794,21.6205,0.2408,0.0166,0.0028,0.0009,0.0001,0.2858,0.026,0.0052,0.0012,0,0.4945,0.0091,0.005,0.0021,0.0009,0.0001,0.0006,0,0.0007,0.0661,0.0003,0.5362,0.0432,0,0,0,1608,59.7937,0,0,4,0,0,0,52.3928,Briceag,0,0,0,0,0,0,1.4816,GD-3,43004.47293,General-strength,43004.45432,0, training,858.5,32.3,3.3,0.5,0.1,679.3,30.2,3.4,0.5,0,0,0,0,0,0,1552.9,4.2,1.9,0.8,0.3,0.1,0.2,0,0.3,47.3,0.1,1586.8,21.3,0,0,0,4.1889,0.5659,False,
2017-09-26 00:00:00.000,Player6,18.183333333333334,0.0,,2017-09-26 11:23:11.616,General-strength,2017-09-26 11:41:22.848,0.4639,0.0,0,1.4,0.0,0.0,0.0,0.0,18.794762299372714,0.0,0.0,0,0,0,0,1.4,25.5098,0,1.7551,0,5,1,0,0,43004,0,1,1,0,0,0.4639,25.5098,0.2033,0.0088,0.0003,0,0,0.2372,0.0126,0.0009,0.0008,0,0.374,0.0112,0.0005,0.0014,0,0,0,0,0,0.0768,0,0.4146,0.0493,0,0,0,1091,46.7153,0,0,5,0,0,0,35.6482,Burlacu,0,0,0,0,0,0,1.7551,GD-3,43004.48707,General-strength,43004.47444,0, training,595.2,13.6,0.4,0,0,466,15,0.7,0.4,0,0,0,0,0,0,1030.5,5.5,0.2,0.5,0,0,0,0,0,54.6,0,1062.4,28.9,0,0,0,3.6356,1.5028,False,
2017-09-26 00:00:00.000,Player6,65.85,2.0,1.3,2017-09-26 10:37:38.784,Session,2017-09-26 11:43:29.856,3.4521,19.8,19,557.3999999999999,21.5,19.3,40.2,21.5,40.4,229.552,344.4,16,19,0,0,327.84799999999984,52.4242,0,4.0428,0,62,44,14,5,43004,0,67,41,14,2,3.4521,52.4242,1.284,0.2379,0.0644,0.0128,0.0024,1.5032,0.2456,0.0874,0.0125,0.0019,1.2261,0.5487,0.3108,0.213,0.1617,0.0656,0.0444,0.0317,0.0136,0.8092,0.0274,1.5742,1.4291,0.2192,0.2097,0.0198,3951,399.3692,0,0,63,1,0,1,195.162,Burlacu,0,4,11,3,1,19,4.0428,GD-3,43004.48854,Session,43004.44281,229.552, training,2073.7,124.3,32.3,6.2,1.3,1560.3,117.3,30.2,4.9,0.6,0,0,0,0,0,3024.3,198.9,89.9,49.4,35,14.3,9.9,6.6,3,512.8,7,3295.4,573.4,44.6,35,2.7,7.6134,12.3965,False,131.7
2017-09-26 00:00:00.000,Player6,23.15,0.0,1.1317900840603385,2017-09-26 10:55:36.192,Set-pieces,2017-09-26 11:18:44.639,1.7921,19.8,16,464.3,0.0,16.921029055476982,30.887308289759837,17.22763813091647,60.60578927930173,229.552,300.09999999999997,14,15,0,0,234.74800000000002,77.4104,0,6.2077,0,26,20,10,5,43004,0,22,27,12,2,1.7921,77.4104,0.6799,0.1315,0.0449,0.0113,0.0024,0.6986,0.137,0.0747,0.0098,0.0019,0.4983,0.2384,0.1607,0.1642,0.1339,0.0585,0.0375,0.0292,0.0136,0.4304,0.0274,0.6795,0.7076,0.1754,0.2097,0.0198,1389,216.3182,0,0,40,1,0,1,87.7593,Burlacu,0,3,9,3,1,16,6.2077,GD-3,43004.47135,Set-pieces,43004.45528,229.552, training,645.5,57.3,19.5,5,1.3,576.4,55.2,24.1,3.7,0.6,0,0,0,0,0,888.5,87.8,44.2,34.9,26.5,12.2,7.9,5.9,3,270.7,7,1029.4,286.2,35.3,35,2.7,7.6134,19.2856,False,
2017-09-26 00:00:00.000,Player6,12.766666666666667,0.0,0.393162460294959,2017-09-26 10:37:30.144,Pass-drill free and cover ball circuit,2017-09-26 10:50:15.647,0.9859,0.0,3,89.3,0.0,2.9121600485117827,10.732227168672866,0.0,59.644380897496625,0.0,44.2,1,4,0,0,89.3,77.2206,0,5.9987,0,30,23,4,0,43004,0,44,13,1,0,0.9859,77.2206,0.2986,0.0953,0.0192,0.0015,0,0.4659,0.0935,0.0113,0.0006,0,0.2308,0.2947,0.1476,0.0451,0.0278,0.0071,0.0069,0.0024,0,0.2234,0,0.2975,0.6444,0.0439,0,0,766,115.281,0,0,16,0,0,0,60.1921,Burlacu,0,1,2,0,0,3,5.9987,GD-3,43004.45157,Pass-drill free and cover ball circuit,43004.44271,0, training,292.9,52.8,12.4,1.2,0,356.8,44.2,5.2,0.3,0,0,0,0,0,0,459.1,104.2,44.9,13.2,8.5,2.1,2,0.7,0,131.1,0,513.6,242.9,9.3,0,0,5.3578,26.4429,False,
2017-09-26 00:00:00.000,Player7,26.8,0.0,,2017-09-26 10:54:13.247,General-strength,2017-09-26 11:21:01.152,0.7151,0.0,0,0.9,0.0,0.0,0.0,0.0,19.673544615368556,0.0,0.4,0,0,0,0,0.9,26.6834,0,1.8395,0,12,4,0,0,43004,0,10,7,0,0,0.7151,26.6834,0.2979,0.0264,0.0026,0.0002,0,0.3406,0.0411,0.0063,0,0,0.52,0.0329,0.0071,0.0005,0,0.0004,0,0,0,0.1543,0,0.6064,0.1087,0,0,0,1608,74.2372,0,0,2,0,0,0,89.2647,Buzan,0,0,0,0,0,0,1.8395,GD-3,43004.47293,General-strength,43004.45432,0, training,846.8,47.5,4.1,0.2,0,659.3,45.1,5.2,0,0,0,0,0,0,0,1485.9,13.8,3,0.2,0,0.2,0,0,0,105.1,0,1554.9,53.3,0,0,0,3.2645,1.6043,False,
2017-09-26 00:00:00.000,Player7,65.85,2.0,1.2,2017-09-26 10:37:38.784,Session,2017-09-26 11:43:29.856,3.2193,0.0,10,302.29999999999995,21.5,9.9,33.0,0.0,37.3,43.585,134.7,14,20,0,0,258.715,48.8882,0,3.6927,0,64,48,13,7,43004,0,73,54,12,2,3.2193,48.8882,1.2047,0.2019,0.0532,0.0094,0.0024,1.4351,0.2482,0.054,0.0077,0.0027,1.188,0.6229,0.3228,0.1676,0.059,0.0293,0.0188,0.0113,0.0027,0.7834,0.0136,1.4688,1.529,0.1779,0.0436,0,3951,366.1697,0,0,50,0,0,0,283.5123,Buzan,0,4,5,1,0,10,3.6927,GD-3,43004.48854,Session,43004.44281,43.585, training,1955,155.2,32.3,5.6,1.6,1617.4,153.1,27.2,3.1,0.6,0,0,0,0,0,3072.1,225.4,94.7,42.1,15.8,8.5,4.9,3,0.7,480.2,3.7,3295.9,611,36.7,7.5,0,6.2889,11.9941,False,131.7
2017-09-26 00:00:00.000,Player7,12.766666666666667,0.0,0.6263962642443355,2017-09-26 10:37:30.144,Pass-drill free and cover ball circuit,2017-09-26 10:50:15.647,1.0908,0.0,5,137.6,0.0,4.502733918492268,17.135437290792048,0.0,66.91713238392481,17.256,66.10000000000001,7,12,0,0,120.344,85.4398,0,6.8575,0,23,30,9,3,43004,0,37,27,7,0,1.0908,85.4398,0.3254,0.1029,0.0334,0.0041,0.0005,0.4838,0.1173,0.0211,0.0022,0,0.2141,0.3561,0.1728,0.0715,0.0285,0.0148,0.0097,0.0057,0.0022,0.2102,0.0052,0.273,0.7251,0.0755,0.0173,0,766,131.8031,0,0,36,0,0,0,87.5449,Buzan,0,1,4,0,0,5,6.8575,GD-3,43004.45157,Pass-drill free and cover ball circuit,43004.44271,17.256, training,279,61.9,18.5,3,0.3,330.6,60.7,10.7,1.2,0,0,0,0,0,0,430.3,126.2,52.3,19.3,8.3,4.5,2.5,1.5,0.6,119.1,1.3,480,267.4,15.5,3,0,5.8556,31.9755,False,
2017-09-26 00:00:00.000,Player7,21.083333333333332,0.0,0.6478186238346633,2017-09-26 11:22:26.687,Set-pieces,2017-09-26 11:43:32.448,1.3515,0.0,5,163.79999999999998,0.0,4.990390528769229,17.630404926716796,0.0,49.02721897069015,26.329,68.2,7,8,0,0,137.47099999999998,64.104,0,4.862,0,30,14,4,4,43004,0,26,21,5,2,1.3515,64.104,0.5498,0.0744,0.0173,0.0052,0.0019,0.5777,0.0907,0.0264,0.0055,0.0027,0.3839,0.2392,0.1438,0.0956,0.0305,0.0141,0.0091,0.0056,0.0005,0.4209,0.0084,0.5168,0.7059,0.1025,0.0263,0,1265,154.4054,0,0,12,0,0,0,97.6185,Buzan,0,3,1,1,0,5,4.862,GD-3,43004.48857,Set-pieces,43004.47392,26.329, training,588.1,47.2,9.9,2.4,1.3,555.2,47.8,11.1,1.9,0.6,0,0,0,0,0,841.2,87.6,39.8,22.6,7.5,3.8,2.4,1.5,0.1,256.6,2.4,944.4,295.4,21.2,4.5,0,6.2889,16.2623,False,
2017-09-26 00:00:00.000,Player9,12.766666666666667,0.0,0.10653575995011323,2017-09-26 10:37:30.144,Pass-drill free and cover ball circuit,2017-09-26 10:50:15.647,0.9788,0.0,2,74.80000000000001,0.0,2.130715199002265,0.0,0.0,58.797022336812674,0.0,25.500000000000004,0,3,0,0,74.80000000000001,76.6705,0,5.8538,0,30,21,3,0,43004,0,48,10,0,0,0.9788,76.6705,0.3572,0.0731,0.0153,0.0011,0,0.4347,0.0907,0.0067,0,0,0.2328,0.2645,0.1754,0.0493,0.0187,0.0042,0.0026,0,0,0.2313,0,0.2889,0.6605,0.0294,0,0,766,112.5107,0,0,54,0,0,0,62.2179,Datkovic,0,2,0,0,0,2,5.8538,GD-3,43004.45157,Pass-drill free and cover ball circuit,43004.44271,0, training,313.2,46.7,9.7,0.7,0,345.1,47.2,3.3,0,0,0,0,0,0,0,468.6,95.2,50.2,14.9,5.4,1.3,0.9,0,0,129.4,0,514.8,244.9,6.2,0,0,5.16,27.2098,False,
2017-09-26 00:00:00.000,Player9,62.75,2.0,0.8,2017-09-26 10:37:38.784,Session,2017-09-26 11:43:29.856,2.3877,0.0,4,125.00000000000003,21.2,5.4,15.8,0.0,28.7,1.11,57.89999999999999,3,6,0,0,123.89000000000003,38.0513,0,2.7777,0,42,28,6,0,43004,0,56,20,2,1,2.3877,38.0513,0.9394,0.1276,0.0268,0.0028,0,1.1196,0.1403,0.0277,0.002,0.0015,1.1275,0.3661,0.2182,0.0671,0.0287,0.0157,0.0091,0.003,0.0005,0.5509,0.0009,1.3474,0.9865,0.0527,0.0011,0,3765,261.6515,0,0,70,0,0,0,146.5287,Datkovic,0,4,0,0,0,4,2.7777,GD-3,43004.48854,Session,43004.44281,1.11, training,2037.3,90.7,16.3,1.5,0,1524.7,82.7,11.3,0.5,0.5,0,0,0,0,0,3185.8,132.6,63.7,19.8,8.3,4.5,2.8,0.8,0.1,346.8,0.3,3358.4,395.9,11,0.2,0,5.3467,7.7281,False,125.5
2017-09-26 00:00:00.000,Player9,17.216666666666665,0.0,,2017-09-26 11:23:11.616,General-strength,2017-09-26 11:41:22.848,0.415,0.0,0,1.5,0.0,0.0,0.0,0.0,17.81789816275407,0.0,1.3,0,0,0,0,1.5,24.1023,0,1.6738,0,3,1,0,0,43004,0,2,1,0,0,0.415,24.1023,0.1667,0.0145,0.0006,0,0,0.2171,0.0154,0.0007,0,0,0.332,0.0066,0.0051,0.0002,0.0003,0.0003,0.0007,0,0,0.0696,0,0.3631,0.05,0.0018,0,0,1033,42.5779,0,0,1,0,0,0,30.4216,Datkovic,0,0,0,0,0,0,1.6738,GD-3,43004.48707,General-strength,43004.47444,0, training,533,21.3,0.9,0,0,461.1,16.5,0.5,0,0,0,0,0,0,0,977.1,2.7,1.8,0.1,0.1,0.1,0.2,0,0,51.2,0,1004.2,28.7,0.4,0,0,4.6178,1.442,False,
2017-09-26 00:00:00.000,Player9,23.15,0.0,0.21116567920491738,2017-09-26 10:55:36.192,Set-pieces,2017-09-26 11:18:44.639,0.738,0.0,2,45.300000000000004,0.0,1.692682464588656,5.7277902661788636,0.0,23.992802959154346,1.11,28.200000000000003,3,2,0,0,44.190000000000005,31.8775,0,2.3221,0,10,6,2,0,43004,0,7,8,2,1,0.738,31.8775,0.2994,0.0392,0.01,0.001,0,0.3355,0.0324,0.017,0.002,0.0015,0.3931,0.0961,0.0349,0.0171,0.0087,0.0102,0.0058,0.0027,0.0005,0.1686,0.0003,0.4725,0.2434,0.021,0.0011,0,1389,80.9178,0,0,14,0,0,0,41.4898,Datkovic,0,2,0,0,0,2,2.3221,GD-3,43004.47135,Set-pieces,43004.45528,1.11, training,822.8,22.1,5.3,0.5,0,514.3,16.4,6.2,0.5,0.5,0,0,0,0,0,1220.6,35.4,11,4.6,2.5,2.8,1.7,0.7,0.1,109.1,0.1,1281.1,103,4.3,0.2,0,5.3467,4.8754,False,
2017-09-26 00:00:00.000,Player10,12.766666666666667,0.0,0.5170375478878937,2017-09-26 10:37:30.144,Pass-drill free and cover ball circuit,2017-09-26 10:50:15.647,1.032,0.0,7,137.4,0.0,4.90896588642395,13.775496893639325,0.0,62.65505548565493,23.46,67.6,4,4,0,0,113.94,80.8325,0,6.3323,0,21,27,4,0,43004,0,38,12,3,1,1.032,80.8325,0.314,0.1108,0.0192,0.0014,0,0.4556,0.1188,0.0103,0.0018,0,0.2447,0.2812,0.1557,0.0698,0.0339,0.0177,0.0101,0.0016,0.0018,0.2129,0.0025,0.3004,0.6341,0.074,0.0235,0,766,121.7245,0,0,88,0,0,0,77.4186,Dimitrov,0,6,1,0,0,7,6.3323,GD-3,43004.45157,Pass-drill free and cover ball circuit,43004.44271,23.46, training,285.8,61.1,11.2,1.1,0,344.2,56.9,4.8,0.7,0,0,0,0,0,0,462.7,101.9,47,18.2,8.6,4.4,2.2,0.4,0.4,119.4,0.6,508.7,237.9,15.2,4,0,6.3023,28.4408,False,
2017-09-26 00:00:00.000,Player10,65.85,2.0,1.1,2017-09-26 10:37:38.784,Session,2017-09-26 11:43:29.856,3.0997,0.0,14,294.3,21.5,11.6,28.7,0.0,35.6,51.587,147.60000000000002,11,8,0,0,242.71300000000002,47.0721,0,3.4809,0,45,41,8,0,43004,0,60,23,10,1,3.0997,47.0721,1.1872,0.1922,0.0466,0.0025,0,1.4042,0.2108,0.0478,0.0083,0,1.3916,0.4895,0.3055,0.1467,0.0698,0.0349,0.022,0.0077,0.0065,0.6188,0.0067,1.6886,1.1912,0.1684,0.0516,0,3951,344.9856,0,0,188,0,0,0,260.9259,Dimitrov,0,11,3,0,0,14,3.4809,GD-3,43004.48854,Session,43004.44281,51.587, training,1816.5,121,26.3,1.8,0,1848.3,116,18.2,3.1,0,0,0,0,0,0,3218.7,176.9,88,38.2,17.3,8.4,5,1.8,1.4,393.9,1.6,3449.8,457.9,35,8.5,0,6.7556,9.8325,False,131.7
2017-09-26 00:00:00.000,Player10,21.1,0.0,0.5974619663410164,2017-09-26 11:22:26.687,Set-pieces,2017-09-26 11:43:32.448,1.2779,0.0,7,157.1,0.0,5.470589053529116,15.988786582685584,0.0,46.08756196692938,28.127,80.1,7,4,0,0,128.97299999999998,60.566,0,4.5364,0,17,15,4,0,43004,0,15,11,7,0,1.2779,60.566,0.5206,0.0683,0.0265,0.0011,0,0.5512,0.0672,0.0365,0.0065,0,0.4375,0.2065,0.1499,0.077,0.0359,0.0172,0.0119,0.0061,0.0047,0.3271,0.0043,0.6252,0.5303,0.0944,0.0281,0,1266,144.0648,0,0,98,0,0,0,89.986,Dimitrov,0,5,2,0,0,7,4.5364,GD-3,43004.48857,Set-pieces,43004.47392,28.127, training,576.6,36.1,13.8,0.7,0,590.9,32.6,12.4,2.4,0,0,0,0,0,0,895.5,72.9,41,20,8.7,4,2.8,1.4,1,217.2,1,1037.1,204.1,19.8,4.5,0,6.7556,13.1411,False,
2017-09-26 00:00:00.000,Player10,26.8,0.0,,2017-09-26 10:54:13.247,General-strength,2017-09-26 11:21:01.152,0.6683,0.0,0,0.0,0.0,0.0,0.0,0.0,18.212464501945334,0.0,0.0,0,0,0,0,0.0,24.938,0,1.6737,0,6,1,0,0,43004,0,6,1,0,0,0.6683,24.938,0.2895,0.0139,0.0011,0,0,0.3384,0.024,0.0015,0,0,0.584,0.0072,0.0007,0,0,0,0,0,0,0.0764,0,0.6314,0.0369,0,0,0,1608,67.377,0,0,3,0,0,0,78.8311,Dimitrov,0,0,0,0,0,0,1.6737,GD-3,43004.47293,General-strength,43004.45432,0, training,790.1,23.7,1.6,0,0,766.5,24.9,1.3,0,0,0,0,0,0,0,1549.7,3.9,0.4,0,0,0,0,0,0,54.1,0,1588.3,19.8,0,0,0,2.5089,0.4788,False,
2017-09-26 00:00:00.000,Player11,65.06666666666666,2.5,1.0,2017-09-26 10:37:38.784,Session,2017-09-26 11:43:29.856,2.5663,0.0,5,134.4,26.8,6.4,23.5,0.0,29.8,1.116,68.9,3,16,0,0,133.284,39.4417,0,2.8904,0,45,34,15,1,43004,0,72,12,1,2,2.5663,39.4417,0.9586,0.1269,0.0323,0.0082,0.0003,1.2665,0.152,0.018,0.0026,0.001,1.2712,0.3818,0.2125,0.0655,0.0329,0.0148,0.0105,0.0055,0.0024,0.5663,0.0028,1.473,1.0025,0.0897,0.0011,0,3904,281.853,0,0,51,1,0,1,158.2133,Ferreira,0,2,3,0,0,5,2.8904,GD-3,43004.48854,Session,43004.44281,1.116, training,2065.2,95.7,21.8,5.4,0.3,1610.2,94.6,8.9,1.4,0.4,0,0,0,0,0,3318.2,138.8,64.8,18.5,9.3,5,3.3,1.8,0.7,342.6,0.9,3478.5,406.5,18.7,0.2,0,5.4045,8.1483,False,162.66666666666666
2017-09-26 00:00:00.000,Player11,23.133333333333333,0.0,,2017-09-26 10:55:36.192,Set-pieces,2017-09-26 11:18:44.639,0.8714,0.0,0,8.1,0.0,0.0,0.0,0.0,27.967177344577493,0.0,2.4000000000000004,0,0,0,0,8.1,37.6676,0,2.6469,0,23,8,0,0,43004,0,22,2,0,0,0.8714,37.6676,0.3635,0.0376,0.0032,0,0,0.4274,0.0383,0.0014,0,0,0.4667,0.1325,0.0422,0.0057,0.0013,0,0.0011,0,0,0.2218,0,0.5467,0.3247,0,0,0,1388,91.8621,0,0,12,0,0,0,51.017,Ferreira,0,0,0,0,0,0,2.6469,GD-3,43004.47135,Set-pieces,43004.45528,0, training,768.9,28.4,2.3,0,0,564.8,23.6,0.5,0,0,0,0,0,0,0,1187.2,50,14.3,2,0.5,0,0.4,0,0,134.1,0,1249.3,139.2,0,0,0,3.8845,7.0004,False,
2017-09-26 00:00:00.000,Player11,18.2,0.0,,2017-09-26 11:23:11.616,General-strength,2017-09-26 11:41:22.848,0.4839,0.0,0,3.7,0.0,0.0,0.0,0.0,19.784320489562674,0.0,2.5,1,0,0,0,3.7,26.5899,0,1.8792,0,7,2,0,0,43004,0,5,3,1,0,0.4839,26.5899,0.1984,0.0171,0.0024,0.0005,0,0.231,0.0275,0.0056,0.0015,0,0.3657,0.023,0.0158,0.0012,0.0021,0.0002,0.0002,0,0,0.0757,0,0.4054,0.0785,0,0,0,1092,50.5247,0,0,8,1,0,1,33.6872,Ferreira,0,0,0,0,0,0,1.8792,GD-3,43004.48707,General-strength,43004.47444,0, training,571.2,24.7,3.4,0.5,0,458.3,28.2,4.2,1,0,0,0,0,0,0,1022.6,9.4,6.2,0.5,0.6,0.2,0.1,0,0,51.9,0,1054.7,36.8,0,0,0,3.8489,2.1255,False,
2017-09-26 00:00:00.000,Player11,12.766666666666667,0.0,0.6610855117882228,2017-09-26 10:37:30.144,Pass-drill free and cover ball circuit,2017-09-26 10:50:15.647,0.9663,0.0,5,122.5,0.0,4.213815021691987,18.217327083850694,0.0,58.947786830473994,1.116,63.9,2,16,0,0,121.384,75.6927,0,5.9957,0,13,24,15,1,43004,0,44,7,0,2,0.9663,75.6927,0.2872,0.0694,0.0265,0.0076,0.0003,0.4793,0.0833,0.0106,0.0011,0.001,0.244,0.2231,0.1544,0.0586,0.0295,0.0145,0.0092,0.0055,0.0024,0.2223,0.0028,0.2974,0.5782,0.0897,0.0011,0,766,115.2241,0,0,31,0,0,0,60.2929,Ferreira,0,2,3,0,0,5,5.9957,GD-3,43004.45157,Pass-drill free and cover ball circuit,43004.44271,1.116, training,291.8,37.6,15.7,4.9,0.3,371.6,39.3,3.8,0.4,0.4,0,0,0,0,0,482.9,77.9,44.2,16,8.2,4.8,2.8,1.8,0.7,125.6,0.9,527,219.9,18.7,0.2,0,5.4045,25.0979,False,
2017-09-26 00:00:00.000,Player14,12.766666666666667,0.0,0.3625126765497439,2017-09-26 10:37:30.144,Pass-drill free and cover ball circuit,2017-09-26 10:50:15.647,0.9696,0.0,4,92.30000000000001,0.0,3.0826117834406928,9.779051954049534,0.0,58.38372334742895,8.772,41.8,2,1,0,0,83.528,75.9443,0,5.8332,0,32,21,1,0,43004,0,42,7,1,1,0.9696,75.9443,0.3293,0.0887,0.0168,0.0002,0,0.4268,0.0992,0.0066,0.0012,0.0006,0.2373,0.2269,0.1188,0.0505,0.022,0.0118,0.0037,0.0007,0.0022,0.2944,0.0014,0.296,0.6213,0.0435,0.0088,0,766,112.1161,0,0,55,0,0,0,61.6402,Gustavo,0,4,0,0,0,4,5.8332,GD-3,43004.45157,Pass-drill free and cover ball circuit,43004.44271,8.772, training,303.2,52.5,9.2,0.2,0,351.6,45.5,3.1,0.4,0.2,0,0,0,0,0,459.5,86.1,35.6,14.2,5.9,3.1,0.9,0.2,0.5,159.6,0.3,507,248.3,9.1,1.5,0,6.0845,27.5101,False,
2017-09-26 00:00:00.000,Player14,65.85,2.0,1.3,2017-09-26 10:37:38.784,Session,2017-09-26 11:43:29.856,3.4677,0.0,16,346.50000000000006,21.5,12.5,37.1,0.0,39.9,33.514,153.0,11,11,0,0,312.98600000000005,52.6602,0,3.8989,0,62,43,8,3,43004,0,64,34,7,4,3.4677,52.6602,1.3406,0.2228,0.0385,0.0078,0.0012,1.5685,0.2246,0.0517,0.01,0.002,1.5423,0.4842,0.3312,0.1935,0.0669,0.0432,0.0175,0.0103,0.007,0.7635,0.0081,1.8517,1.3588,0.2237,0.0335,0,3951,386.5992,0,0,119,0,0,0,194.9539,Gustavo,0,14,2,0,0,16,3.8989,GD-3,43004.48854,Session,43004.44281,33.514, training,1885.6,132.3,21.2,4.8,0.7,1767.7,115.2,20,3.1,0.6,0,0,0,0,0,3132.2,182.1,92.6,48.5,17.4,10.7,4.5,2.6,1.9,456.2,2.5,3370.3,528.7,46.4,5.8,0,6.0978,12.0596,False,131.7
2017-09-26 00:00:00.000,Player14,21.083333333333332,0.0,0.9330321307992046,2017-09-26 11:22:26.687,Set-pieces,2017-09-26 11:43:32.448,1.6417,0.0,11,224.60000000000002,0.0,7.781198384329775,25.216901423185735,0.0,59.5358969802929,23.052,103.0,9,10,0,0,201.54800000000003,77.8654,0,5.9018,0,26,20,7,3,43004,0,19,22,6,3,1.6417,77.8654,0.634,0.1186,0.0211,0.007,0.0012,0.7052,0.1045,0.0401,0.0086,0.0014,0.611,0.2164,0.1619,0.1216,0.0427,0.0258,0.0135,0.0095,0.0048,0.4278,0.0067,0.8354,0.6327,0.1505,0.0231,0,1265,187.4139,0,0,60,0,0,0,80.021,Gustavo,0,9,2,0,0,11,5.9018,GD-3,43004.48857,Set-pieces,43004.47392,23.052, training,555.9,54.2,11.1,4.1,0.7,574.3,48.4,13.8,2.5,0.4,0,0,0,0,0,815,81.4,44.5,29.5,11,6.3,3.5,2.4,1.4,268.2,2.2,984.5,245.8,31.1,4,0,6.0978,18.2235,False,
2017-09-26 00:00:00.000,Player14,26.8,0.0,0.042445712604673266,2017-09-26 10:54:13.247,General-strength,2017-09-26 11:21:01.152,0.7517,0.0,1,29.7,0.0,0.8489142520934653,0.0,0.0,20.573857836776927,1.69,8.3,0,0,0,0,28.009999999999998,28.0469,0,1.9062,0,5,2,0,0,43004,0,3,4,0,0,0.7517,28.0469,0.3255,0.0166,0.0006,0.0005,0,0.3828,0.0205,0.005,0.0002,0,0.5882,0.0415,0.052,0.0214,0.0022,0.0057,0.0004,0,0,0.0403,0,0.6119,0.1084,0.0297,0.0017,0,1608,76.9245,0,0,3,0,0,0,47.6411,Gustavo,0,1,0,0,0,1,1.9062,GD-3,43004.47293,General-strength,43004.45432,1.69, training,801.9,26.1,0.9,0.5,0,755.2,20.2,3.1,0.2,0,0,0,0,0,0,1546.7,14.7,13.2,4.8,0.5,1.3,0.1,0,0,26.8,0,1565.9,35.7,6.2,0.3,0,5.6,2.3382,False,
2017-09-26 00:00:00.000,Player16,12.766666666666667,0.0,0.26937348435596636,2017-09-26 10:37:30.144,Pass-drill free and cover ball circuit,2017-09-26 10:50:15.647,1.0357,0.0,8,154.99999999999997,0.0,5.387469687119328,0.0,0.0,62.59351012773056,6.662,67.39999999999999,0,4,0,0,148.33799999999997,81.1238,0,6.2861,0,25,23,4,0,43004,0,31,13,0,0,1.0357,81.1238,0.3254,0.1001,0.0154,0.002,0,0.4882,0.0965,0.0081,0,0,0.2374,0.2809,0.1501,0.0876,0.0362,0.0179,0.0093,0.0034,0.0003,0.2122,0.0003,0.2962,0.6157,0.1171,0.0067,0,766,120.8195,0,0,53,0,0,0,80.3484,Kelic,0,4,4,0,0,8,6.2861,GD-3,43004.45157,Pass-drill free and cover ball circuit,43004.44271,6.662, training,293.5,52.4,10.4,1.5,0,359.2,44.4,4.5,0,0,0,0,0,0,0,461.6,102,44,20.8,9.1,4.8,2.1,1,0.1,120.3,0.1,509.9,231.2,23.6,1.2,0,5.52,27.9279,False,
2017-09-26 00:00:00.000,Player16,65.85,3.0,1.2,2017-09-26 10:37:38.784,Session,2017-09-26 11:43:29.856,2.6189,0.0,11,195.79999999999998,32.3,11.3,23.3,0.0,30.0,6.662,91.2,4,7,0,0,189.13799999999998,39.7714,0,2.9025,0,43,33,7,0,43004,0,47,24,1,3,2.6189,39.7714,0.9944,0.149,0.0288,0.0051,0,1.2446,0.172,0.0209,0.002,0.0019,1.3007,0.378,0.2145,0.1046,0.0413,0.0281,0.0127,0.0061,0.0014,0.5298,0.0016,1.5155,0.9589,0.1379,0.0067,0,3951,287.2106,0,0,80,0,0,0,287.0927,Kelic,0,7,4,0,0,11,2.9025,GD-3,43004.48854,Session,43004.44281,6.662, training,1932.6,94.6,17.9,3.3,0,1798.7,91.6,10.8,1,0.7,0,0,0,0,0,3371.2,138.8,62.8,26.7,10.8,7.5,3.2,1.8,0.5,327.4,0.5,3539.2,382.8,28,1.2,0,5.52,7.7318,False,197.54999999999998
2017-09-26 00:00:00.000,Player16,18.183333333333334,0.0,0.022828215160353806,2017-09-26 11:23:11.616,General-strength,2017-09-26 11:41:22.848,0.5066,0.0,1,7.699999999999999,0.0,0.45656430320707614,0.0,0.0,20.438436250111966,0.0,4.3999999999999995,0,1,0,0,7.699999999999999,27.8611,0,1.8938,0,2,0,1,0,43004,0,2,0,0,0,0.5066,27.8611,0.2132,0.0092,0.0013,0.0009,0,0.2665,0.0155,0,0,0,0.4082,0.0102,0.0071,0.0033,0.0007,0.0016,0.0012,0.0004,0.0002,0.0736,0.0003,0.4559,0.0439,0.0068,0,0,1091,51.2482,0,0,5,0,0,0,77.2526,Kelic,0,1,0,0,0,1,1.8938,GD-3,43004.48707,General-strength,43004.47444,0, training,531.4,13.5,0.8,0.5,0,529,15.5,0,0,0,0,0,0,0,0,1032,3.4,1.7,1,0.2,0.4,0.3,0.1,0.1,51.4,0.1,1068.6,20.7,1.4,0,0,4.9134,0.8618,False,
2017-09-26 00:00:00.000,Player16,23.15,0.0,0.18889803490929324,2017-09-26 10:55:36.192,Set-pieces,2017-09-26 11:18:44.639,0.8249,0.0,2,38.499999999999986,0.0,1.4183819680916023,5.151132561550582,0.0,26.81756523729657,0.0,20.600000000000005,3,2,0,0,38.499999999999986,35.6348,0,2.595,0,14,9,2,0,43004,0,11,10,0,3,0.8249,35.6348,0.3376,0.0398,0.0121,0.0022,0,0.363,0.0558,0.0107,0.0019,0.0019,0.4908,0.0841,0.07,0.0179,0.0054,0.0086,0.0023,0.0023,0.0009,0.1416,0.0011,0.5478,0.2622,0.0149,0,0,1389,90.4271,0,0,25,0,0,0,100.1789,Kelic,0,2,0,0,0,2,2.595,GD-3,43004.47135,Set-pieces,43004.45528,0, training,664.6,26.9,6.6,1.2,0,655.5,27.2,5,0.9,0.7,0,0,0,0,0,1236.6,31.5,20.1,6,1.8,2.3,0.8,0.7,0.3,88.2,0.3,1282.4,103,3.2,0,0,4.8134,5.7612,False,
2017-09-26 00:00:00.000,Player18,12.766666666666667,0.0,0.8826168277732518,2017-09-26 10:37:30.144,Pass-drill free and cover ball circuit,2017-09-26 10:50:15.647,1.0651,0.0,10,223.7,0.0,7.755891275764603,23.728803641425607,0.0,65.54901449130452,52.187,112.2,2,18,0,0,171.51299999999998,83.4255,0,6.7452,0,31,15,16,2,43004,0,34,16,2,0,1.0651,83.4255,0.3243,0.0864,0.026,0.0107,0.001,0.4804,0.1256,0.01,0.0006,0,0.2316,0.203,0.1669,0.1115,0.0485,0.0204,0.0147,0.0102,0.0074,0.2399,0.011,0.2976,0.5487,0.1665,0.0522,0,766,129.6567,0,0,42,0,0,0,63.338,Martic,0,1,8,1,0,10,6.7452,GD-3,43004.45157,Pass-drill free and cover ball circuit,43004.44271,52.187, training,286,48.4,15.2,5.6,0.5,344.1,60.7,5,0.3,0,0,0,0,0,0,455.3,74.5,43.7,25.8,11.2,5,3.6,2.4,2,139.2,3.1,510.6,211.9,34.4,8.9,0,6.4467,27.2003,False,
2017-09-26 00:00:00.000,Player18,23.15,0.0,0.7632247816739768,2017-09-26 10:55:36.192,Set-pieces,2017-09-26 11:18:44.639,1.2383,33.7,10,299.29999999999995,0.0,11.866979796118365,17.805129701296753,15.52954048489736,41.64202901926882,176.876,229.8,12,9,0,0,122.42399999999995,53.4917,0,4.2333,0,23,10,7,2,43004,0,19,5,9,3,1.2383,53.4917,0.4712,0.08,0.03,0.0071,0.0005,0.5161,0.08,0.0325,0.0203,0.0007,0.3053,0.2003,0.0982,0.0695,0.0799,0.0629,0.0378,0.016,0.0103,0.3353,0.0229,0.4329,0.5394,0.0891,0.1432,0.0337,1389,147.518,0,0,29,1,0,1,69.6704,Martic,0,3,5,2,0,10,4.2333,GD-3,43004.47135,Set-pieces,43004.45528,176.876, training,717.7,43.1,13.5,3,0.4,559.2,34.4,10.8,6.3,0.2,0,0,0,0,0,1022.1,74.1,27.6,14.9,14.7,11.1,7.6,3.6,1.9,206.1,4.9,1119.9,222.8,18.2,23.1,4.6,7.5756,14.0213,False,
2017-09-26 00:00:00.000,Player18,18.2,0.0,0.1141322332501501,2017-09-26 11:23:11.616,General-strength,2017-09-26 11:41:22.848,0.5647,0.0,0,0.4,0.0,0.0,2.282644665003002,0.0,22.83649003317678,0.0,0.0,3,1,0,0,0.4,31.0293,0,2.1284,0,5,1,1,0,43004,0,4,3,2,1,0.5647,31.0293,0.2478,0.013,0.0027,0.0008,0,0.2684,0.0245,0.0056,0.0017,0.0002,0.4356,0.0145,0.0019,0.0004,0,0,0,0,0,0.1122,0,0.5017,0.063,0,0,0,1092,58.2997,0,0,9,1,0,1,40.5659,Martic,0,0,0,0,0,0,2.1284,GD-3,43004.48707,General-strength,43004.47444,0, training,552.5,22.2,3.5,1.1,0,480.4,26.8,4,0.9,0.1,0,0,0,0,0,1007.6,7.4,1.3,0.4,0,0,0,0,0,74.8,0,1060.3,31.2,0,0,0,2.5578,1.7132,False,
2017-09-26 00:00:00.000,Player18,65.85,1.0,1.0,2017-09-26 10:37:38.784,Session,2017-09-26 11:43:29.856,3.1291,33.7,20,525.1,10.8,19.8,27.1,21.8,40.1,229.062,342.19999999999993,17,28,0,0,296.038,47.5179,0,3.6527,0,61,28,24,4,43004,0,62,25,13,4,3.1291,47.5179,1.1612,0.1836,0.0597,0.0187,0.0014,1.3942,0.2376,0.0491,0.0226,0.0009,1.163,0.4279,0.2709,0.1829,0.1286,0.0833,0.0525,0.0262,0.0177,0.7421,0.0339,1.4637,1.1806,0.2556,0.1954,0.0337,3951,362.027,0,0,85,2,0,2,191.0104,Martic,0,4,13,3,0,20,3.6527,GD-3,43004.48854,Session,43004.44281,229.062, training,2024.7,119.2,32.8,9.7,0.9,1606.1,129.4,20.5,7.5,0.3,0,0,0,0,0,3145.9,159.7,74.1,41.6,26,16.1,11.2,6,3.9,458.6,8,3382.8,479.1,52.6,32,4.6,7.5756,10.8476,False,65.85
2017-09-26 00:00:00.000,Player19,23.133333333333333,0.0,0.8880138713558308,2017-09-26 10:55:36.192,Set-pieces,2017-09-26 11:18:44.639,1.3098,0.0,8,226.39999999999998,0.0,7.376991818912116,24.00905871291084,0.0,43.84968554633721,48.439,108.99999999999999,14,10,0,0,177.96099999999998,56.6199,0,4.4265,0,19,19,6,4,43004,0,24,10,12,2,1.3098,56.6199,0.4739,0.0733,0.0388,0.0075,0.0022,0.5722,0.098,0.0312,0.0115,0.0013,0.4328,0.1542,0.1193,0.1174,0.0467,0.0252,0.0095,0.0068,0.0049,0.3772,0.0159,0.581,0.5505,0.1298,0.0484,0,1388,154.2392,0,0,40,0,0,0,71.0023,Mateiu,0,4,2,2,0,8,4.4265,GD-3,43004.47135,Set-pieces,43004.45528,48.439, training,608.9,38,18.7,3.5,1.2,663.2,40.1,11,3.5,0.4,0,0,0,0,0,1004.3,54.5,33.4,26.7,11.5,6.6,2.6,1.8,1.4,241.1,4.6,1117.8,235.8,26.4,8.5,0,5.88,11.4512,False,
2017-09-26 00:00:00.000,Player19,18.183333333333334,0.0,,2017-09-26 11:23:11.616,General-strength,2017-09-26 11:41:22.848,0.4252,0.0,0,0.7,0.0,0.0,0.0,0.0,17.105594393387182,0.0,0.0,0,0,0,0,0.7,23.3854,0,1.5766,0,3,1,0,0,43004,0,4,0,0,0,0.4252,23.3854,0.1839,0.0097,0.0005,0,0,0.215,0.0159,0.0002,0,0,0.3459,0.0088,0.0017,0.0007,0,0,0,0,0,0.0682,0,0.3836,0.0416,0,0,0,1091,43.1722,0,0,0,0,0,0,34.8321,Mateiu,0,0,0,0,0,0,1.5766,GD-3,43004.48707,General-strength,43004.47444,0, training,553.2,13.8,0.4,0,0,507,16.8,0.2,0,0,0,0,0,0,0,1039.6,3.6,0.7,0.3,0,0,0,0,0,47.2,0,1069.9,21.5,0,0,0,3.14,0.8246,False,
2017-09-26 00:00:00.000,Player19,65.85,2.0,1.1,2017-09-26 10:37:38.784,Session,2017-09-26 11:43:29.856,3.082,0.0,10,293.8,21.5,9.8,29.7,0.0,35.6,48.439,136.5,14,11,0,0,245.36100000000002,46.8035,0,3.4961,0,54,39,7,4,43004,0,64,24,12,2,3.082,46.8035,1.144,0.1692,0.0539,0.0081,0.0022,1.4588,0.192,0.0409,0.0115,0.0013,1.2307,0.4812,0.2642,0.1573,0.0638,0.0329,0.0118,0.0072,0.0049,0.812,0.0159,1.5764,1.3056,0.1516,0.0484,0,3951,346.1105,0,0,53,0,0,0,187.7348,Mateiu,0,6,2,2,0,10,3.4961,GD-3,43004.48854,Session,43004.44281,48.439, training,1807.2,109.8,27.8,3.9,1.2,1880,101.9,15.5,3.5,0.4,0,0,0,0,0,3108.3,171.7,75.3,39.3,17,9.1,3.3,2,1.4,519.2,4.6,3374.3,537.2,31.2,8.5,0,5.88,9.6021,False,131.7
2017-09-26 00:00:00.000,Player19,12.766666666666667,0.0,0.10125447223776411,2017-09-26 10:37:30.144,Pass-drill free and cover ball circuit,2017-09-26 10:50:15.647,0.9716,0.0,2,66.8,0.0,2.0250894447552823,0.0,0.0,58.37606224815006,0.0,27.599999999999998,0,1,0,0,66.8,76.1033,0,5.8139,0,29,19,1,0,43004,0,35,13,0,0,0.9716,76.1033,0.3172,0.0839,0.0149,0.0007,0,0.4707,0.0753,0.0089,0,0,0.2178,0.3236,0.1452,0.0392,0.0171,0.0078,0.0023,0.0004,0,0.2182,0,0.2822,0.6676,0.0218,0,0,766,111.7297,0,0,11,0,0,0,60.0102,Mateiu,0,2,0,0,0,2,5.8139,GD-3,43004.45157,Pass-drill free and cover ball circuit,43004.44271,0, training,290.5,53.9,9,0.4,0,366,42.1,3.9,0,0,0,0,0,0,0,461.5,115.3,41.9,12.3,5.5,2.5,0.7,0.2,0,125.9,0,513.4,247.6,4.8,0,0,4.7423,27.344,False,
2017-09-26 00:00:00.000,Player21,18.2,0.0,,2017-09-26 11:23:11.616,General-strength,2017-09-26 11:41:22.848,0.4085,0.0,0,1.3,0.0,0.0,0.0,0.0,16.490583244086373,0.0,1.0,0,0,0,0,1.3,22.4438,0,1.5324,0,0,3,0,0,43004,0,1,1,0,0,0.4085,22.4438,0.1738,0.0117,0.0025,0,0,0.1962,0.0204,0.0034,0.0004,0,0.365,0.0042,0.0005,0.0003,0.0004,0.0006,0,0,0,0.0376,0,0.3897,0.0188,0,0,0,1092,41.9756,0,0,1,0,0,0,36.5332,Mitrita,0,0,0,0,0,0,1.5324,GD-3,43004.48707,General-strength,43004.47444,0, training,578.5,24.6,2.9,0.1,0,458.1,23.9,3.1,0.3,0,0,0,0,0,0,1060,1.9,0.3,0.1,0.2,0.2,0,0,0,28.8,0,1081.5,10,0,0,0,3.1822,0.2474,False,
2017-09-26 00:00:00.000,Player21,12.766666666666667,0.0,0.4861047555140079,2017-09-26 10:37:30.144,Pass-drill free and cover ball circuit,2017-09-26 10:50:15.647,0.9402,0.0,0,75.9,0.0,0.0,9.722095110280158,0.0,56.738248999254516,0.0,35.39999999999999,3,5,0,0,75.9,73.6435,0,5.6863,0,21,32,5,0,43004,0,41,9,3,0,0.9402,73.6435,0.2871,0.0855,0.0218,0.0012,0,0.45,0.0836,0.0092,0.0018,0,0.2472,0.2399,0.107,0.0405,0.0169,0.0096,0.0044,0.0029,0.0005,0.2702,0.0011,0.3387,0.5677,0.0338,0,0,766,109.2788,0,0,21,0,0,0,58.6166,Mitrita,0,0,0,0,0,0,5.6863,GD-3,43004.45157,Pass-drill free and cover ball circuit,43004.44271,0, training,287.3,48.9,14,1.1,0,367.4,42.8,3.6,0.7,0,0,0,0,0,0,460.5,89,33,12.9,5.3,2.9,1.2,0.7,0.1,159.9,0.3,533.5,225.2,7.1,0,0,5.1512,24.0141,False,
2017-09-26 00:00:00.000,Player21,65.55,2.0,1.4,2017-09-26 10:37:38.784,Session,2017-09-26 11:43:29.856,3.1218,5.6,17,435.5,21.5,15.3,46.1,16.8,36.7,71.5,238.99999999999997,20,27,0,0,364.0,47.6249,0,3.6728,0,40,50,17,10,43004,0,58,28,14,6,3.1218,47.6249,1.1335,0.1986,0.0746,0.0153,0.0047,1.3728,0.2322,0.0693,0.0153,0.0055,1.1928,0.3835,0.2698,0.1965,0.0813,0.0501,0.0341,0.0247,0.018,0.8402,0.0308,1.5567,1.2121,0.2816,0.0659,0.0056,3933,362.4673,0,0,61,0,0,0,184.8375,Mitrita,0,10,7,0,0,17,3.6728,GD-3,43004.48854,Session,43004.44281,71.5, training,2050.8,115.6,37.6,8,2.8,1568,117.6,25.3,5.4,1.5,0,0,0,0,0,3074.5,141.3,74.9,45.8,19.7,13.1,8.6,5.8,4.7,535.6,8.6,3354.3,508.6,57.7,11.2,0.8,6.9334,9.6704,False,131.1
2017-09-26 00:00:00.000,Player21,23.133333333333333,0.0,1.197260930047371,2017-09-26 10:55:36.192,Set-pieces,2017-09-26 11:18:44.639,1.4706,5.6,17,357.3,0.0,13.099309815010471,38.33140835746407,8.901218862896195,50.1687245314406,71.5,202.40000000000003,17,21,0,0,285.8,63.5724,0,5.1913,0,17,15,11,10,43004,0,15,17,11,6,1.4706,63.5724,0.5351,0.097,0.0495,0.0139,0.0047,0.5745,0.1226,0.0548,0.013,0.0055,0.3701,0.1318,0.1615,0.1549,0.064,0.0397,0.0298,0.0218,0.0175,0.45,0.0296,0.5649,0.5864,0.2478,0.0659,0.0056,1388,180.8901,0,0,38,0,0,0,72.3272,Mitrita,0,10,7,0,0,17,5.1913,GD-3,43004.47135,Set-pieces,43004.45528,71.5, training,743.8,37,19.7,6.7,2.8,511.4,43.8,17.4,4.4,1.5,0,0,0,0,0,928.5,47.2,41.2,32.4,14.2,9.9,7.4,5.1,4.6,289.7,8.3,1074,251.9,50.6,11.2,0.8,6.9334,13.5686,False,
2017-09-26 00:00:00.000,Player25,12.766666666666667,0.0,0.7959106948658576,2017-09-26 10:37:30.144,Pass-drill free and cover ball circuit,2017-09-26 10:50:15.647,1.0166,0.0,9,232.80000000000004,0.0,7.663728171163268,21.167105089737717,0.0,62.11285566065181,50.021,109.7,2,1,0,0,182.77900000000005,79.6277,0,6.3313,0,25,25,1,0,43004,0,31,15,2,0,1.0166,79.6277,0.3183,0.1119,0.022,0.0005,0,0.4293,0.1194,0.0143,0.0009,0,0.2295,0.2325,0.139,0.1231,0.0592,0.0296,0.0139,0.0044,0.0019,0.1827,0.0007,0.287,0.538,0.1415,0.05,0,766,121.6769,0,0,38,0,0,0,79.9973,Popov,0,2,7,0,0,9,6.3313,GD-3,43004.45157,Pass-drill free and cover ball circuit,43004.44271,50.021, training,306.3,58.5,11.9,0.3,0,328.9,54.5,5.1,0.3,0,0,0,0,0,0,480,83.2,39.7,29.2,13.3,6.8,3.5,1.1,0.4,108.4,0.2,527.9,200.6,28.7,8.6,0,6.16,25.999,False,
2017-09-26 00:00:00.000,Player25,21.083333333333332,0.0,0.4361468682064522,2017-09-26 11:22:26.687,Set-pieces,2017-09-26 11:43:32.448,0.8944,0.0,5,88.60000000000001,0.0,3.4071810005296714,11.856238448456859,0.0,32.237530458041796,6.419,50.099999999999994,9,4,0,0,82.18100000000001,42.4214,0,3.1668,0,10,12,4,0,43004,0,6,7,6,3,0.8944,42.4214,0.3499,0.0584,0.0168,0.0026,0,0.3844,0.0516,0.0216,0.0058,0.0033,0.5281,0.051,0.0537,0.0385,0.0198,0.0121,0.0053,0.0065,0.0028,0.1728,0.0036,0.6037,0.2422,0.0421,0.0064,0,1265,100.5707,0,0,14,0,0,0,89.3812,Popov,0,5,0,0,0,5,3.1668,GD-3,43004.48857,Set-pieces,43004.47392,6.419, training,646.5,29.9,9.3,1.3,0,542.7,25.5,7.2,2.1,1,0,0,0,0,0,1096.4,19.6,16.4,10.6,5.8,3.1,1.3,1.5,0.7,109,1.1,1155.6,100.1,8.7,1.1,0,5.9756,6.1557,False,
2017-09-26 00:00:00.000,Player25,65.85,0.0,1.185288071720526,2017-09-26 10:37:38.784,Session,2017-09-26 11:43:29.856,2.6523,0.0,14,320.1,0.0,10.999847379412607,31.669063895227467,0.0,30.74274365269348,56.44,158.7,11,5,0,0,263.66,40.2772,0,3.0398,0,36,43,5,0,43004,0,39,24,8,3,2.6523,40.2772,0.9813,0.1801,0.0414,0.003,0,1.1992,0.1995,0.038,0.0067,0.0033,1.4152,0.2937,0.1936,0.1614,0.0778,0.0417,0.0192,0.0109,0.0047,0.4297,0.0044,1.593,0.8192,0.1836,0.0564,0,3951,296.7447,0,0,57,0,0,0,284.4296,Popov,0,7,7,0,0,14,3.0398,GD-3,43004.48854,Session,43004.44281,56.44, training,1972.3,113.3,24.5,1.5,0,1712.1,110.3,13.7,2.4,1,0,0,0,0,0,3425.3,119.5,56.7,39.9,18.8,9.9,4.8,2.6,1.1,271.2,1.3,3568.6,335.4,37.4,9.7,0,6.16,7.7244,False,
2017-09-26 00:00:00.000,Player25,26.8,0.0,,2017-09-26 10:54:13.247,General-strength,2017-09-26 11:21:01.152,0.6952,0.0,0,1.9,0.0,0.0,0.0,0.0,19.434565378409857,0.0,0.4,0,0,0,0,1.9,25.9397,0,1.8672,0,2,6,0,0,43004,0,3,3,0,0,0.6952,25.9397,0.2875,0.0149,0.003,0,0,0.3574,0.03,0.0023,0,0,0.6009,0.0126,0.0023,0.0015,0.0004,0,0,0,0,0.0775,0,0.6462,0.0489,0,0,0,1608,70.69,0,0,6,0,0,0,105.512,Popov,0,0,0,0,0,0,1.8672,GD-3,43004.47293,General-strength,43004.45432,0, training,794.2,27.4,3.8,0,0,750.3,31,1.5,0,0,0,0,0,0,0,1532.4,18.1,1.3,0.7,0.2,0,0,0,0,55.5,0,1569.4,38.8,0,0,0,2.8067,1.9587,False,
2017-09-26 00:00:00.000,Player26,21.083333333333332,0.0,0.8784913839550923,2017-09-26 11:22:26.687,Set-pieces,2017-09-26 11:43:32.448,1.5637,0.0,9,265.1,0.0,9.316315723861374,23.034842102345745,0.0,57.03991384496298,77.001,158.7,7,8,0,0,188.09900000000002,74.1683,0,5.702,0,21,27,6,2,43004,0,23,24,3,4,1.5637,74.1683,0.6264,0.1029,0.0323,0.003,0.001,0.6249,0.1263,0.0383,0.0039,0.0047,0.5111,0.2087,0.1437,0.1064,0.0784,0.0402,0.0173,0.0107,0.0035,0.4352,0.0086,0.7185,0.6373,0.1308,0.077,0,1265,181.0824,0,0,43,0,0,0,87.6498,Roman,0,5,2,2,0,9,5.702,GD-3,43004.48857,Set-pieces,43004.47392,77.001, training,570.7,49.4,15.8,2,0.6,556.9,53.7,13.4,1.5,1.5,0,0,0,0,0,806.8,76,41.4,25.6,17.7,8.8,4,2.7,0.8,279.6,2.1,965.7,260.5,26.6,12.7,0,6.7378,16.5705,False,
2017-09-26 00:00:00.000,Player26,12.766666666666667,0.0,0.7787612933144629,2017-09-26 10:37:30.144,Pass-drill free and cover ball circuit,2017-09-26 10:50:15.647,1.0528,0.0,8,182.9,0.0,6.15027943960152,21.150635555147435,0.0,64.53773458554416,23.077,84.2,3,14,0,0,159.823,82.4673,0,6.6068,0,28,22,12,2,43004,0,41,30,3,0,1.0528,82.4673,0.3173,0.1032,0.0258,0.0051,0.0007,0.4642,0.1188,0.0166,0.0011,0,0.2332,0.2103,0.1164,0.0987,0.0351,0.0149,0.0173,0.0043,0.0066,0.31,0.006,0.3215,0.5927,0.1155,0.0231,0,766,126.9844,0,0,39,0,0,0,67.5362,Roman,0,6,1,1,0,8,6.6068,GD-3,43004.45157,Pass-drill free and cover ball circuit,43004.44271,23.077, training,283,59.2,14.3,2.7,0.6,340.7,57.8,7,0.6,0,0,0,0,0,0,427.9,79.4,35.1,22.9,9.2,4,4.2,1.2,1.6,178.9,1.5,498.6,240.2,23.1,4,0,6.1578,26.7659,False,
2017-09-26 00:00:00.000,Player26,65.85,3.0,1.6,2017-09-26 10:37:38.784,Session,2017-09-26 11:43:29.856,3.473,0.0,17,448.90000000000003,32.3,17.2,43.8,0.0,40.3,100.077,242.79999999999998,10,22,0,0,348.82300000000004,52.7416,0,3.993,0,55,56,18,4,43004,0,75,55,6,4,3.473,52.7416,1.3107,0.2302,0.06,0.0081,0.0018,1.5061,0.2891,0.0573,0.005,0.0047,1.4525,0.4437,0.265,0.2061,0.1135,0.0551,0.0346,0.0149,0.0101,0.8629,0.0146,1.8083,1.3182,0.2464,0.1001,0,3951,395.9173,0,0,84,0,0,0,241.1776,Roman,0,11,3,3,0,17,3.993,GD-3,43004.48854,Session,43004.44281,100.077, training,1777,147.1,32.6,4.7,1.2,1807.3,155.3,22.3,2.1,1.5,0,0,0,0,0,3061.5,166.6,78.8,48.9,26.9,12.8,8.2,3.9,2.4,537.5,3.6,3340.8,543.9,49.7,16.7,0,6.7378,11.1437,False,197.54999999999998
2017-09-26 00:00:00.000,Player26,26.8,0.0,,2017-09-26 10:54:13.247,General-strength,2017-09-26 11:21:01.152,0.6818,0.0,0,0.2,0.0,0.0,0.0,0.0,18.64569445312331,0.0,0.0,0,0,0,0,0.2,25.4398,0,1.7249,0,3,3,0,0,43004,0,7,1,0,0,0.6818,25.4398,0.2948,0.017,0.0015,0,0,0.3316,0.0347,0.0022,0,0,0.5856,0.0142,0.0021,0.0002,0,0,0,0,0,0.0797,0,0.6297,0.0521,0,0,0,1608,69.6114,0,0,0,0,0,0,71.0857,Roman,0,0,0,0,0,0,1.7249,GD-3,43004.47293,General-strength,43004.45432,0, training,776.1,32,2,0,0,759.5,36.8,1.7,0,0,0,0,0,0,0,1545.8,6.5,1.1,0.1,0,0,0,0,0,54.6,0,1582.4,25.7,0,0,0,2.9867,0.9577,False,
2017-09-26 00:00:00.000,Player29,65.85,2.0,0.9,2017-09-26 10:37:38.784,Session,2017-09-26 11:43:29.856,2.6429,0.0,5,162.5,21.5,5.3,20.1,0.0,30.5,2.213,78.8,8,11,0,0,160.287,40.1351,0,2.9929,0,57,39,8,3,43004,0,61,31,5,3,2.6429,40.1351,0.9941,0.1714,0.0378,0.0054,0.0007,1.1894,0.1944,0.0425,0.0043,0.003,1.3093,0.4159,0.1797,0.0837,0.0357,0.0219,0.0073,0.006,0.0056,0.5753,0.0023,1.5565,1.0077,0.0764,0.0022,0,3951,294.7195,0,0,76,1,0,1,176.903,Screciu,0,5,0,0,0,5,2.9929,GD-3,43004.48854,Session,43004.44281,2.213, training,1943.1,120.7,21.3,3,0.6,1729.6,113.3,17.1,1.6,0.9,0,0,0,0,0,3324.5,162.5,55.9,24.4,11.2,6.2,2.3,1.7,1.8,360,0.7,3521.1,413.7,16,0.4,0,5.48,8.2304,False,131.7
2017-09-26 00:00:00.000,Player29,21.083333333333332,0.0,0.29666237300575793,2017-09-26 11:22:26.687,Set-pieces,2017-09-26 11:43:32.448,0.8648,0.0,2,63.000000000000014,0.0,2.1148820122942857,8.11998306155869,0.0,31.379307768903306,2.213,34.49999999999999,4,4,0,0,60.78700000000001,41.0188,0,3.113,0,7,13,3,1,43004,0,10,11,2,2,0.8648,41.0188,0.348,0.0421,0.0191,0.0032,0.0002,0.3752,0.0484,0.0236,0.0024,0.0025,0.4778,0.0701,0.0489,0.0285,0.0123,0.0083,0.0043,0.0042,0.0035,0.205,0.0019,0.5883,0.2465,0.0278,0.0022,0,1265,96.8155,0,0,12,1,0,1,48.3962,Screciu,0,2,0,0,0,2,3.113,GD-3,43004.48857,Set-pieces,43004.47392,2.213, training,613.1,26,9.9,1.7,0.1,578.7,26.1,8.4,0.8,0.7,0,0,0,0,0,1062.6,35,14.7,8.3,3.7,2.5,1.4,1.1,1.1,134.5,0.6,1148.1,111.2,5.8,0.4,0,5.48,6.4876,False,
2017-09-26 00:00:00.000,Player29,12.766666666666667,0.0,0.4035017327513394,2017-09-26 10:37:30.144,Pass-drill free and cover ball circuit,2017-09-26 10:50:15.647,0.9713,0.0,3,90.4,0.0,2.875404667172953,11.044589927501459,0.0,58.92500346780266,0.0,41.699999999999996,3,4,0,0,90.4,76.081,0,5.9488,0,36,23,4,0,43004,0,39,15,3,0,0.9713,76.081,0.3106,0.1022,0.0163,0.0016,0,0.4186,0.108,0.0125,0.0014,0,0.2014,0.3059,0.134,0.0487,0.0217,0.0132,0.0029,0.0016,0.0019,0.2395,0.0004,0.2646,0.6581,0.0486,0,0,766,114.3234,0,0,44,0,0,0,63.8841,Screciu,0,3,0,0,0,3,5.9488,GD-3,43004.45157,Pass-drill free and cover ball circuit,43004.44271,0, training,307.8,59.4,9.7,0.9,0,328.5,53.2,5.8,0.5,0,0,0,0,0,0,450.3,111.6,41,13.9,6.6,3.5,0.8,0.5,0.6,136.9,0.1,502.5,253.1,10.2,0,0,5.2067,28.0491,False,
2017-09-26 00:00:00.000,Player29,26.8,0.0,0.1353249176365289,2017-09-26 10:54:13.247,General-strength,2017-09-26 11:21:01.152,0.7104,0.0,0,12.599999999999998,0.0,0.0,2.706498352730578,0.0,19.63467332441741,0.0,3.0,1,3,0,0,12.599999999999998,26.5082,0,1.8507,0,14,4,1,2,43004,0,12,5,0,1,0.7104,26.5082,0.293,0.0299,0.0026,0.0006,0.0005,0.3385,0.038,0.0064,0.0005,0.0004,0.5207,0.0441,0.0188,0.0096,0.0021,0.0004,0.0001,0.0002,0.0002,0.1142,0,0.5798,0.1306,0,0,0,1608,74.6914,0,0,21,0,0,0,58.8903,Screciu,0,0,0,0,0,0,1.8507,GD-3,43004.47293,General-strength,43004.45432,0, training,827,36.9,1.9,0.4,0.5,705.3,32.8,2.9,0.3,0.2,0,0,0,0,0,1504,17.4,6,3.1,1,0.2,0.1,0.1,0.1,76.2,0,1551.9,56.3,0,0,0,4.1511,2.2447,False,
2017-09-26 00:00:00.000,Player30,26.8,0.0,0.1359544658296111,2017-09-26 10:54:13.247,General-strength,2017-09-26 11:21:01.152,0.6945,1.4,1,23.8,0.0,0.9107737044627172,2.777249192996552,3.692928149054235,19.309444027658667,7.491,16.0,2,2,0,0,16.309,25.9137,0,1.8386,0,8,4,2,0,43004,0,12,2,2,0,0.6945,25.9137,0.2748,0.0221,0.0082,0.0029,0.0001,0.3318,0.051,0.003,0.0007,0,0.5515,0.0267,0.0097,0.0078,0.006,0.0028,0.0002,0.001,0.0004,0.0827,0.0056,0.5849,0.0932,0.0089,0.0061,0.0014,1608,74.2034,0,0,6,0,0,0,59.1785,Spahija,0,1,0,0,0,1,1.8386,GD-3,43004.47293,General-strength,43004.45432,7.491, training,765.5,27.8,4.9,1.7,0.1,768.7,37.5,1.7,0.3,0,0,0,0,0,0,1535.4,11,3,1.9,1.3,1,0.1,0.3,0.2,52.7,1.3,1564.2,41,1.8,1,0.2,6.5578,1.8468,False,
2017-09-26 00:00:00.000,Player30,65.85,2.0,1.0,2017-09-26 10:37:38.784,Session,2017-09-26 11:43:29.856,2.8753,1.4,9,205.60000000000002,21.5,10.6,27.9,16.7,33.0,15.984,109.7,10,15,0,0,189.616,43.6647,0,3.2258,0,49,39,13,2,43004,0,70,26,8,2,2.8753,43.6647,1.0924,0.1658,0.0426,0.0074,0.0006,1.3098,0.2184,0.0289,0.008,0.0013,1.4701,0.4041,0.2031,0.0959,0.052,0.0299,0.0107,0.006,0.0029,0.5924,0.0082,1.6954,1.0484,0.1156,0.0146,0.0014,3951,319.8567,0,0,97,1,0,1,192.7278,Spahija,0,8,1,0,0,9,3.2258,GD-3,43004.48854,Session,43004.44281,15.984, training,1805.2,112.6,24.3,4.6,0.5,1863.9,124.6,12.6,2.5,0.4,0,0,0,0,0,3323.1,151.5,60.4,25.6,14.2,8.8,3,1.9,0.8,359.8,2.1,3503,421.4,24.1,2.5,0.2,6.5578,8.7214,False,131.7
2017-09-26 00:00:00.000,Player30,12.766666666666667,0.0,0.4923717573661713,2017-09-26 10:37:30.144,Pass-drill free and cover ball circuit,2017-09-26 10:50:15.647,1.0141,0.0,6,107.5,0.0,3.9256440849217955,13.361634498817875,0.0,61.16531768020358,1.106,51.4,2,7,0,0,106.394,79.4326,0,6.1253,0,23,22,5,2,43004,0,37,12,2,0,1.0141,79.4326,0.3463,0.0792,0.017,0.0024,0.0006,0.4651,0.0936,0.0089,0.001,0,0.2479,0.244,0.1384,0.0561,0.0281,0.0143,0.0061,0.0015,0,0.2765,0.0014,0.317,0.6137,0.0822,0.0011,0,766,117.7302,0,0,65,0,0,0,63.2451,Spahija,0,5,1,0,0,6,6.1253,GD-3,43004.45157,Pass-drill free and cover ball circuit,43004.44271,1.106, training,300.3,46.6,10.8,1.6,0.4,354,47.8,4.1,0.3,0,0,0,0,0,0,449.5,90.5,40.1,14.3,7.6,4.2,1.7,0.6,0,156.9,0.5,505.8,242.6,17.3,0.2,0,5.3689,27.1837,False,
2017-09-26 00:00:00.000,Player30,21.083333333333332,0.0,0.3493860356264125,2017-09-26 11:22:26.687,Set-pieces,2017-09-26 11:43:32.448,0.9723,0.0,2,74.30000000000003,0.0,2.487499532849389,9.56393368790618,0.0,34.9242592922394,7.387,42.300000000000004,5,6,0,0,66.91300000000003,46.1172,0,3.4126,0,14,14,6,0,43004,0,21,11,3,2,0.9723,46.1172,0.3792,0.0607,0.0179,0.0021,0,0.4204,0.0695,0.0152,0.0059,0.0013,0.5169,0.1204,0.0541,0.032,0.018,0.0128,0.0044,0.0034,0.0025,0.2065,0.0012,0.6211,0.3194,0.0244,0.0074,0,1265,108.3601,0,0,25,1,0,1,56.5127,Spahija,0,2,0,0,0,2,3.4126,GD-3,43004.48857,Set-pieces,43004.47392,7.387, training,586.6,33.5,8.9,1.3,0,591.9,35,6,1.7,0.4,0,0,0,0,0,1050.6,44.8,17.1,9.4,5.3,3.6,1.2,1,0.6,131.4,0.3,1130.9,128.1,5,1.3,0,5.6023,7.9428,False,
2017-09-26 00:00:00.000,Player32,12.766666666666667,0.0,0.42235697776486036,2017-09-26 10:37:30.144,Pass-drill free and cover ball circuit,2017-09-26 10:50:15.647,1.0193,0.0,0,62.500000000000014,0.0,0.0,8.447139555297207,0.0,61.36686565939998,0.0,25.4,1,6,0,0,62.500000000000014,79.8407,0,6.1295,0,25,30,6,0,43004,0,43,19,1,0,1.0193,79.8407,0.3398,0.0797,0.0218,0.0018,0,0.4742,0.0916,0.0095,0.0009,0,0.2387,0.3039,0.1458,0.0371,0.0146,0.0052,0.0022,0.0023,0.0004,0.2686,0.0007,0.3066,0.7036,0.0091,0,0,766,117.8111,0,0,24,1,0,1,70.6026,Zlatinski,0,0,0,0,0,0,6.1295,GD-3,43004.45157,Pass-drill free and cover ball circuit,43004.44271,0, training,288.4,48.9,13.9,1.8,0,359.2,47.4,5.8,0.5,0,0,0,0,0,0,438.7,110.7,44.4,12.6,4.9,1.9,0.6,0.7,0.1,151.1,0.2,493.5,270.4,2,0,0,4.5245,28.7505,False,
2017-09-26 00:00:00.000,Player32,65.81666666666666,1.0,1.0,2017-09-26 10:37:38.784,Session,2017-09-26 11:43:29.856,2.9867,0.0,7,251.2,10.8,8.3,33.5,0.0,34.8,13.733,139.1,10,29,0,0,237.46699999999998,45.3788,0,3.4607,0,43,42,19,10,43004,0,64,38,8,2,2.9867,45.3788,1.0993,0.1732,0.0591,0.0134,0.0048,1.3452,0.2238,0.0546,0.0112,0.0021,1.274,0.5121,0.2938,0.1121,0.0564,0.0371,0.0135,0.0124,0.0059,0.6556,0.0138,1.5015,1.3466,0.1249,0.0137,0,3949,342.4831,0,0,49,2,0,2,216.5592,Zlatinski,0,5,2,0,0,7,3.4607,GD-3,43004.48854,Session,43004.44281,13.733, training,1949.8,121.9,34.5,9.8,2.9,1673,128.9,23.5,4.4,0.7,0,0,0,0,0,3209.9,188.2,82.9,31,16.4,10.3,4.4,3.9,1.9,396.1,4.4,3394.2,526.7,26.1,2.4,0,5.78,10.7966,False,65.81666666666666
2017-09-26 00:00:00.000,Player32,23.133333333333333,0.0,0.9322533008006482,2017-09-26 10:55:36.192,Set-pieces,2017-09-26 11:18:44.639,1.2439,0.0,7,184.5,0.0,6.590743227914155,25.531139363269055,0.0,41.99646547819727,13.733,110.3,8,21,0,0,170.767,53.7705,0,4.288,0,16,12,12,9,43004,0,20,19,6,2,1.2439,53.7705,0.4481,0.0782,0.0333,0.0095,0.0039,0.5214,0.1035,0.037,0.0079,0.0011,0.4246,0.1938,0.1458,0.0742,0.041,0.0316,0.0111,0.0096,0.0045,0.2951,0.0125,0.5184,0.5959,0.1158,0.0137,0,1388,149.415,0,0,23,0,0,0,79.3366,Zlatinski,0,5,2,0,0,7,4.288,GD-3,43004.47135,Set-pieces,43004.45528,13.733, training,659.1,41.5,16.2,5.7,2.3,600.5,47.8,12.4,2.7,0.3,0,0,0,0,0,1055.2,71.1,37.5,17.9,11,8.3,3.7,2.8,1.5,175.6,3.9,1130.1,231.9,24.1,2.4,0,5.78,14.2168,False,
2017-09-26 00:00:00.000,Player32,18.2,0.0,0.08442008054959435,2017-09-26 11:23:11.616,General-strength,2017-09-26 11:41:22.848,0.4869,0.0,0,4.3,0.0,0.0,1.6884016109918871,0.0,19.914367915902524,0.0,3.5,1,2,0,0,4.3,26.7525,0,1.893,0,0,0,1,1,43004,0,2,0,1,0,0.4869,26.7525,0.1981,0.0129,0.004,0.0021,0.0008,0.2314,0.0263,0.0078,0.0024,0.0011,0.4208,0.0165,0.0028,0.0008,0.0008,0.0003,0.0002,0.0006,0.001,0.0425,0.0006,0.4464,0.0404,0,0,0,1092,51.8515,0,0,2,1,0,1,47.2386,Zlatinski,0,0,0,0,0,0,1.893,GD-3,43004.48707,General-strength,43004.47444,0, training,545.6,27.5,4.4,2.3,0.6,474.8,29.6,5.1,1.2,0.4,0,0,0,0,0,1049.6,6.7,1.2,0.5,0.5,0.1,0.1,0.4,0.3,31.8,0.3,1073.2,18.3,0,0,0,3.7823,0.8704,False,
