playerName,date,wellness_fatigue,wellness_mood,wellness_sleep,wellness_soreness,wellness_stress
Player18,2018-03-26,4,5,5,4,4
Player25,2018-03-26,5,5,5,5,5
Player16,2018-03-26,5,5,5,5,5
Player11,2018-03-26,5,5,5,3,5
Player10,2018-03-26,5,5,5,5,5
Player5,2018-03-26,4,5,4,5,5
Player32,2018-03-26,5,5,5,5,5
Player19,2018-03-26,4,5,5,5,5
Player14,2018-03-26,5,5,5,4,5
Player22,2018-03-26,4,5,5,4,5
Player3,2018-03-26,5,5,4,4,5
Player24,2018-03-26,4,5,5,5,5
Player1,2018-03-26,5,5,5,5,5
Player4,2018-03-26,4,4,4,4,4
Player13,2018-03-26,5,5,5,5,5
Player12,2018-03-26,4,4,5,5,5
